N_img,x_wp,y_wp,class
img100,315,73,0
img100,708,94,1
img100,291,118,0
img100,704,115,1
img100,279,141,0
img100,700,142,1
img100,275,164,0
img100,693,164,1
img100,268,184,0
img100,693,180,1
img100,265,207,0
img100,665,189,1
img100,256,226,0
img100,658,207,1
img100,247,244,0
img100,658,227,1
img100,236,295,0
img100,609,273,1
img100,213,345,0
img100,580,331,1
img100,201,375,0
img100,565,380,1
img100,184,416,0
img100,545,415,1
img100,173,452,0
img100,530,432,1
img100,158,476,0
img100,520,453,1
img100,153,501,0
img100,505,469,1
img100,142,525,0
img100,498,489,1
img100,135,553,0
img100,484,506,1
img100,124,582,0
img100,472,525,1
img100,113,609,0
img100,465,545,1
img100,105,627,0
img100,456,556,1
img100,104,640,0
img100,445,566,1
img100,104,662,0
img100,442,580,1
img100,87,689,0
img100,389,589,1
img100,79,704,0
img100,391,600,1
img100,78,718,0
img100,405,615,1
img100,62,737,0
img100,405,631,1
img100,61,753,0
img100,397,656,1
img101,51,598,0
img101,98,649,1
img101,58,588,0
img101,134,678,1
img101,64,580,0
img101,115,635,1
img101,69,569,0
img101,123,629,1
img101,75,559,0
img101,156,676,1
img101,78,549,0
img101,171,684,1
img101,104,560,0
img101,180,676,1
img101,112,553,0
img101,191,672,1
img101,95,517,0
img101,216,696,1
img101,109,515,0
img101,227,691,1
img101,118,507,0
img101,238,686,1
img101,117,489,0
img101,241,658,1
img101,125,476,0
img101,245,635,1
img101,131,466,0
img101,258,627,1
img101,136,458,0
img101,275,622,1
img101,145,451,0
img101,284,614,1
img101,153,441,0
img101,295,606,1
img101,158,431,0
img101,328,619,1
img101,167,419,0
img101,336,607,1
img101,175,409,0
img101,346,591,1
img101,177,393,0
img101,442,603,1
img101,184,380,0
img101,463,598,1
img101,193,369,0
img101,529,604,1
img101,208,358,0
img101,535,587,1
img101,228,353,0
img101,545,580,1
img101,235,345,0
img101,549,570,1
img101,225,322,0
img101,482,527,1
img101,229,309,0
img101,485,518,1
img101,236,302,0
img101,555,536,1
img101,267,311,0
img101,558,514,1
img101,282,302,0
img101,565,505,1
img101,291,295,0
img101,579,502,1
img101,296,285,0
img101,600,504,1
img101,303,276,0
img101,609,489,1
img101,278,236,0
img101,622,468,1
img101,298,238,0
img101,638,455,1
img101,305,230,0
img101,644,445,1
img101,313,216,0
img101,648,436,1
img101,325,204,0
img101,658,424,1
img101,318,170,0
img101,676,418,1
img101,335,160,0
img101,683,409,1
img101,345,155,0
img101,689,402,1
img101,355,150,0
img101,696,393,1
img101,362,144,0
img101,696,377,1
img101,367,133,0
img101,698,364,1
img101,391,140,0
img101,704,355,1
img101,397,135,0
img101,707,345,1
img102,565,660,0
img102,120,335,1
img102,596,629,0
img102,133,323,1
img102,611,601,0
img102,131,280,1
img102,635,581,0
img102,60,180,1
img102,647,567,0
img102,69,171,1
img102,667,560,0
img102,65,148,1
img102,675,545,0
img102,76,136,1
img102,689,535,0
img102,163,191,1
img102,700,519,0
img102,204,208,1
img102,725,507,0
img102,240,221,1
img102,734,485,0
img102,263,224,1
img102,745,463,0
img102,433,289,1
img103,73,736,0
img103,218,662,1
img103,256,664,0
img103,665,82,1
img103,262,678,0
img103,711,88,1
img103,258,700,0
img103,682,207,1
img104,440,127,0
img104,62,100,1
img104,456,138,0
img104,62,135,1
img104,505,100,0
img104,54,164,1
img104,529,114,0
img104,55,195,1
img104,565,111,0
img104,59,228,1
img104,583,124,0
img104,64,264,1
img104,597,131,0
img104,92,342,1
img104,633,116,0
img104,85,391,1
img104,641,169,0
img104,165,480,1
img104,654,187,0
img104,184,545,1
img104,667,193,0
img104,455,648,1
img104,705,147,0
img104,508,704,1
img104,715,209,0
img104,555,705,1
img104,725,225,0
img104,675,483,1
img104,740,224,0
img104,707,455,1
img105,58,518,0
img105,76,402,1
img105,83,530,0
img105,95,404,1
img105,107,534,0
img105,116,340,1
img105,127,536,0
img105,135,288,1
img105,153,494,0
img105,155,239,1
img105,173,496,0
img105,324,227,1
img105,165,611,0
img105,319,247,1
img105,222,590,0
img105,368,277,1
img105,245,598,0
img105,590,222,1
img105,282,560,0
img105,587,255,1
img105,302,567,0
img105,722,316,1
img105,333,555,0
img105,687,340,1
img105,353,565,0
img105,615,365,1
img105,402,455,0
img105,587,396,1
img105,418,461,0
img105,561,410,1
img105,420,501,0
img105,515,438,1
img105,422,533,0
img105,467,468,1
img105,438,542,0
img105,481,482,1
img106,456,104,0
img106,93,385,1
img106,598,115,0
img106,105,402,1
img106,636,139,0
img106,111,424,1
img106,642,157,0
img106,125,425,1
img106,657,182,0
img106,138,442,1
img106,653,215,0
img106,155,462,1
img106,656,252,0
img106,165,476,1
img106,656,276,0
img106,182,478,1
img106,650,302,0
img106,196,492,1
img106,649,330,0
img106,210,513,1
img106,649,355,0
img106,224,524,1
img106,647,385,0
img106,292,482,1
img106,653,420,0
img106,300,497,1
img106,645,433,0
img106,245,560,1
img106,627,436,0
img106,220,624,1
img106,622,445,0
img106,234,634,1
img106,633,462,0
img106,224,668,1
img106,657,495,0
img106,236,667,1
img106,521,555,0
img106,244,678,1
img107,235,160,0
img107,174,331,1
img107,261,162,0
img107,180,387,1
img107,293,136,0
img107,200,429,1
img107,336,124,0
img107,205,505,1
img107,382,107,0
img107,219,571,1
img107,433,104,0
img107,245,618,1
img107,471,89,0
img107,269,674,1
img107,520,87,0
img107,389,447,1
img107,565,82,0
img107,500,322,1
img107,607,58,0
img107,527,337,1
img108,305,51,0
img108,382,62,1
img108,301,67,0
img108,385,76,1
img108,295,82,0
img108,398,89,1
img108,292,96,0
img108,445,107,1
img108,287,111,0
img108,481,124,1
img108,287,125,0
img108,505,142,1
img108,285,142,0
img108,520,161,1
img108,280,158,0
img108,525,176,1
img108,275,175,0
img108,534,193,1
img108,269,189,0
img108,539,211,1
img108,264,204,0
img108,549,229,1
img108,258,223,0
img108,549,244,1
img108,260,240,0
img108,418,241,1
img108,251,267,0
img108,418,255,1
img108,247,296,0
img108,565,273,1
img108,242,325,0
img108,577,287,1
img108,223,370,0
img108,582,305,1
img108,143,515,0
img108,584,324,1
img108,196,465,0
img108,593,339,1
img108,216,490,0
img108,599,355,1
img108,213,662,0
img108,612,370,1
img108,245,692,0
img108,613,387,1
img108,273,706,0
img108,615,405,1
img108,305,725,0
img108,629,421,1
img108,333,740,0
img108,629,442,1
img108,349,749,0
img108,635,460,1
img108,369,752,0
img108,638,476,1
img108,377,618,0
img108,641,493,1
img108,404,571,0
img108,649,511,1
img108,431,565,0
img108,654,533,1
img108,505,564,0
img108,654,553,1
img108,547,580,0
img108,665,571,1
img109,82,463,0
img109,416,267,1
img109,56,504,0
img109,431,274,1
img109,51,533,0
img109,440,295,1
img109,75,535,0
img109,455,298,1
img109,116,522,0
img109,469,306,1
img109,187,494,0
img109,485,311,1
img109,231,485,0
img109,501,309,1
img109,282,475,0
img109,516,311,1
img109,321,470,0
img109,536,322,1
img109,362,468,0
img109,522,384,1
img109,398,466,0
img109,532,396,1
img109,419,474,0
img109,565,336,1
img109,449,475,0
img109,578,340,1
img109,484,473,0
img109,593,344,1
img109,588,431,0
img109,605,346,1
img109,605,438,0
img109,620,353,1
img109,619,463,0
img109,636,362,1
img109,637,468,0
img109,653,375,1
img109,655,470,0
img109,667,380,1
img109,671,460,0
img109,683,378,1
img109,689,461,0
img109,698,385,1
img109,700,507,0
img109,713,395,1
img109,715,509,0
img109,731,410,1
img109,736,487,0
img109,751,411,1
img110,287,642,0
img110,338,630,1
img110,284,633,0
img110,384,609,1
img110,269,627,0
img110,385,600,1
img110,262,622,0
img110,422,583,1
img110,260,614,0
img110,429,573,1
img110,242,609,0
img110,433,563,1
img110,120,675,0
img110,616,639,1
img110,98,671,0
img110,631,627,1
img110,80,660,0
img110,638,615,1
img110,57,648,0
img110,651,604,1
img110,66,613,0
img110,667,580,1
img110,104,555,0
img110,722,560,1
img110,144,505,0
img110,740,541,1
img110,176,467,0
img110,749,507,1
img110,209,433,0
img110,749,471,1
img110,228,407,0
img110,742,444,1
img110,255,380,0
img110,733,418,1
img110,269,357,0
img110,721,384,1
img110,284,338,0
img110,711,365,1
img110,306,313,0
img110,662,367,1
img110,324,295,0
img110,673,347,1
img110,344,275,0
img110,662,304,1
img110,373,253,0
img110,665,273,1
img110,396,233,0
img110,660,247,1
img110,422,211,0
img110,651,213,1
img110,448,195,0
img110,638,184,1
img110,481,185,0
img110,638,159,1
img110,511,176,0
img110,631,151,1
img110,528,165,0
img110,619,137,1
img111,69,299,0
img111,49,395,1
img111,92,295,0
img111,51,455,1
img111,115,296,0
img111,51,507,1
img111,142,293,0
img111,49,602,1
img111,167,293,0
img111,67,600,1
img111,193,290,0
img111,93,618,1
img111,216,291,0
img111,120,617,1
img111,242,291,0
img111,158,629,1
img111,265,289,0
img111,213,657,1
img111,305,294,0
img111,308,702,1
img111,336,222,0
img111,237,456,1
img111,343,196,0
img111,249,465,1
img111,353,182,0
img111,216,562,1
img111,364,167,0
img111,244,607,1
img111,375,149,0
img111,335,671,1
img111,389,134,0
img111,311,514,1
img111,399,113,0
img111,328,529,1
img111,416,99,0
img111,360,523,1
img111,447,107,0
img111,376,536,1
img111,476,112,0
img111,384,556,1
img111,509,120,0
img111,398,567,1
img111,536,120,0
img111,439,556,1
img111,562,127,0
img111,465,558,1
img111,593,138,0
img111,493,548,1
img111,617,141,0
img111,532,538,1
img111,660,164,0
img111,563,520,1
img111,709,180,0
img111,627,440,1
img111,740,184,0
img111,733,276,1
img112,635,75,0
img112,601,165,1
img112,618,71,0
img112,571,395,1
img112,591,90,0
img112,496,473,1
img112,572,84,0
img112,407,614,1
img112,551,78,0
img112,271,689,1
img112,533,70,0
img112,231,687,1
img112,507,75,0
img112,219,669,1
img112,488,69,0
img112,160,700,1
img112,462,84,0
img112,317,531,1
img112,445,78,0
img112,305,524,1
img112,431,69,0
img112,304,398,1
img112,412,69,0
img112,307,349,1
img112,393,63,0
img112,293,342,1
img112,372,56,0
img112,325,209,1
img112,353,49,0
img112,325,134,1
img113,569,616,0
img113,527,602,1
img113,571,605,0
img113,529,595,1
img113,571,595,0
img113,502,583,1
img113,565,583,0
img113,502,575,1
img113,569,573,0
img113,449,575,1
img113,571,562,0
img113,442,569,1
img113,570,549,0
img113,408,573,1
img113,573,535,0
img113,388,571,1
img113,575,521,0
img113,358,582,1
img113,572,511,0
img113,340,583,1
img113,585,498,0
img113,268,635,1
img113,583,487,0
img113,263,629,1
img113,577,478,0
img113,198,684,1
img113,577,460,0
img113,225,635,1
img113,581,441,0
img113,220,629,1
img113,581,422,0
img113,209,629,1
img113,594,400,0
img113,232,580,1
img113,595,392,0
img113,333,475,1
img113,600,384,0
img113,345,457,1
img113,600,372,0
img113,342,451,1
img113,605,360,0
img113,242,522,1
img113,606,340,0
img113,233,515,1
img113,618,319,0
img113,275,453,1
img113,622,298,0
img113,265,442,1
img113,630,279,0
img113,298,403,1
img113,635,258,0
img113,412,324,1
img113,636,237,0
img113,409,316,1
img113,638,218,0
img113,393,316,1
img113,642,201,0
img113,361,325,1
img113,641,180,0
img113,420,271,1
img113,646,160,0
img113,415,264,1
img113,645,149,0
img113,401,265,1
img113,645,139,0
img113,438,216,1
img113,647,118,0
img113,478,167,1
img113,650,98,0
img113,480,156,1
img113,649,87,0
img113,475,151,1
img113,646,78,0
img113,489,119,1
img113,646,67,0
img113,522,86,1
img113,588,56,0
img113,523,77,1
img114,267,273,0
img114,444,316,1
img114,269,289,0
img114,709,516,1
img114,203,323,0
img114,629,483,1
img114,183,350,0
img114,545,447,1
img114,158,384,0
img114,482,427,1
img114,121,426,0
img114,433,413,1
img114,98,460,0
img114,398,407,1
img114,88,490,0
img114,360,404,1
img114,73,526,0
img114,299,409,1
img115,458,231,0
img115,389,278,1
img115,476,241,0
img115,346,321,1
img115,515,243,0
img115,304,360,1
img115,535,248,0
img115,247,403,1
img115,589,265,0
img115,205,444,1
img115,682,278,0
img115,157,484,1
img115,736,311,0
img115,104,533,1
img115,724,349,0
img115,75,565,1
img115,700,387,0
img115,129,554,1
img115,685,409,0
img115,178,544,1
img115,636,430,0
img115,209,542,1
img115,625,453,0
img115,242,542,1
img115,609,467,0
img115,270,542,1
img115,576,487,0
img115,304,541,1
img115,542,516,0
img115,378,528,1
img115,527,539,0
img115,431,535,1
img115,517,553,0
img115,473,549,1
img115,505,564,0
img115,476,561,1
img116,53,333,0
img116,143,287,1
img116,57,378,0
img116,191,291,1
img116,70,405,0
img116,309,267,1
img116,83,434,0
img116,464,244,1
img116,102,458,0
img116,733,327,1
img116,107,504,0
img116,708,357,1
img116,116,533,0
img116,691,400,1
img116,131,558,0
img116,674,421,1
img116,147,571,0
img116,665,447,1
img116,173,575,0
img116,645,469,1
img116,234,545,0
img116,632,497,1
img116,372,496,0
img116,615,516,1
img116,518,490,0
img116,602,536,1
img116,518,515,0
img116,593,556,1
img117,342,411,0
img117,587,381,1
img117,195,462,0
img117,731,371,1
img117,150,473,0
img117,731,358,1
img117,103,485,0
img117,738,345,1
img117,133,449,0
img117,736,331,1
img117,202,391,0
img117,362,333,1
img118,82,499,0
img118,727,169,1
img118,126,513,0
img118,712,245,1
img118,176,530,0
img118,704,294,1
img118,236,546,0
img118,689,344,1
img118,296,564,0
img118,675,395,1
img118,360,582,0
img118,664,447,1
img118,418,600,0
img118,647,504,1
img118,474,623,0
img118,634,560,1
img118,536,644,0
img118,633,605,1
img118,582,659,0
img118,624,644,1
img118,591,678,0
img118,618,674,1
img119,420,65,0
img119,378,202,1
img119,458,96,0
img119,362,298,1
img119,504,109,0
img119,351,373,1
img119,552,109,0
img119,316,460,1
img119,595,124,0
img119,245,558,1
img119,647,119,0
img119,184,645,1
img119,655,209,0
img119,339,585,1
img119,605,411,0
img119,356,614,1
img119,607,467,0
img119,516,563,1
img120,185,476,0
img120,713,502,1
img120,220,453,0
img120,713,485,1
img120,245,447,0
img120,716,473,1
img120,275,440,0
img120,717,458,1
img120,289,436,0
img120,721,445,1
img120,315,431,0
img120,722,433,1
img120,335,429,0
img120,723,422,1
img120,349,425,0
img120,732,409,1
img120,366,423,0
img120,731,388,1
img120,389,422,0
img120,733,369,1
img120,447,415,0
img120,738,353,1
img120,444,405,0
img120,745,335,1
img120,442,391,0
img120,749,316,1
img120,438,378,0
img120,651,297,1
img120,442,360,0
img120,616,289,1
img120,442,345,0
img120,609,280,1
img120,440,333,0
img120,593,267,1
img120,440,318,0
img120,591,253,1
img120,445,304,0
img120,587,242,1
img120,445,289,0
img120,536,247,1
img120,471,265,0
img120,496,255,1
img120,465,257,0
img120,473,253,1
img120,442,261,0
img120,451,255,1
img121,64,232,0
img121,102,247,1
img121,65,249,0
img121,162,285,1
img121,65,266,0
img121,220,319,1
img121,65,284,0
img121,278,349,1
img121,67,298,0
img121,331,373,1
img121,71,316,0
img121,376,392,1
img121,69,333,0
img121,453,403,1
img121,73,355,0
img121,488,407,1
img121,71,369,0
img121,529,407,1
img121,69,384,0
img121,562,403,1
img121,62,398,0
img121,589,408,1
img121,76,420,0
img121,629,404,1
img121,73,437,0
img121,663,406,1
img121,66,453,0
img121,705,405,1
img121,156,485,0
img121,740,398,1
img121,167,506,0
img121,751,406,1
img121,162,524,0
img121,753,425,1
img122,218,611,0
img122,254,527,1
img122,235,635,0
img122,291,518,1
img122,255,669,0
img122,324,495,1
img122,282,724,0
img122,349,464,1
img122,298,721,0
img122,363,417,1
img122,313,717,0
img122,352,352,1
img122,324,701,0
img122,360,325,1
img122,339,697,0
img122,360,225,1
img122,350,675,0
img122,369,169,1
img122,367,656,0
img122,372,133,1
img122,420,598,0
img122,376,87,1
img122,445,584,0
img122,385,69,1
img122,473,562,0
img122,407,115,1
img122,496,536,0
img122,431,149,1
img122,507,538,0
img122,455,205,1
img122,531,518,0
img122,482,271,1
img122,545,524,0
img122,555,402,1
img122,565,514,0
img122,567,397,1
img122,578,517,0
img122,585,412,1
img123,267,313,0
img123,236,376,1
img123,304,282,0
img123,230,411,1
img123,340,258,0
img123,223,442,1
img123,368,248,0
img123,209,476,1
img123,403,235,0
img123,176,510,1
img123,426,236,0
img123,151,525,1
img123,449,241,0
img123,124,538,1
img123,465,249,0
img123,67,564,1
img123,489,260,0
img123,105,564,1
img123,538,264,0
img123,182,576,1
img123,572,269,0
img123,181,590,1
img123,616,271,0
img123,207,611,1
img123,673,235,0
img123,231,617,1
img123,706,205,0
img123,649,308,1
img123,724,202,0
img123,655,318,1
img124,295,69,0
img124,129,278,1
img124,305,75,0
img124,124,305,1
img124,315,82,0
img124,122,327,1
img124,325,89,0
img124,124,352,1
img124,336,95,0
img124,105,428,1
img124,345,101,0
img124,115,432,1
img124,355,105,0
img124,102,609,1
img124,364,113,0
img124,113,611,1
img124,380,118,0
img124,130,640,1
img124,392,125,0
img124,151,678,1
img124,402,132,0
img124,165,690,1
img124,412,138,0
img124,179,704,1
img124,422,144,0
img124,191,704,1
img124,432,148,0
img124,204,716,1
img124,442,153,0
img124,217,722,1
img124,453,158,0
img124,230,722,1
img124,464,164,0
img124,240,719,1
img124,476,175,0
img124,255,716,1
img124,694,85,0
img124,264,691,1
img124,715,93,0
img124,275,683,1
img124,715,105,0
img124,286,678,1
img124,716,116,0
img124,296,672,1
img124,715,128,0
img124,307,668,1
img124,713,141,0
img124,318,665,1
img124,715,154,0
img124,329,663,1
img124,713,166,0
img124,338,645,1
img124,713,180,0
img124,349,644,1
img124,715,192,0
img124,359,636,1
img124,711,205,0
img124,371,636,1
img124,711,217,0
img124,382,636,1
img124,709,228,0
img124,392,636,1
img124,709,242,0
img124,400,627,1
img124,710,256,0
img124,411,616,1
img124,708,269,0
img124,422,619,1
img124,707,283,0
img124,433,617,1
img124,709,295,0
img124,444,600,1
img124,707,307,0
img124,460,575,1
img124,707,320,0
img124,474,564,1
img124,710,333,0
img124,581,411,1
img124,715,343,0
img124,644,378,1
img125,171,517,0
img125,384,485,1
img125,160,496,0
img125,432,484,1
img125,145,480,0
img125,451,475,1
img125,122,465,0
img125,480,466,1
img125,105,447,0
img125,499,453,1
img125,118,418,0
img125,574,498,1
img125,153,388,0
img125,589,489,1
img125,178,363,0
img125,609,482,1
img125,204,340,0
img125,622,471,1
img125,220,322,0
img125,633,458,1
img125,251,295,0
img125,645,451,1
img125,278,271,0
img125,659,445,1
img125,342,247,0
img125,676,435,1
img125,486,256,0
img125,689,415,1
img125,560,273,0
img125,707,408,1
img125,622,283,0
img125,729,402,1
img126,254,293,0
img126,285,310,1
img126,245,301,0
img126,293,326,1
img126,234,307,0
img126,335,364,1
img126,222,314,0
img126,490,187,1
img126,210,320,0
img126,505,180,1
img126,197,327,0
img126,520,169,1
img126,187,334,0
img126,536,158,1
img126,175,340,0
img126,553,150,1
img126,165,348,0
img126,565,144,1
img126,150,353,0
img126,580,136,1
img126,138,360,0
img126,534,307,1
img126,124,365,0
img126,540,322,1
img126,112,373,0
img126,545,342,1
img126,105,382,0
img126,553,356,1
img126,105,395,0
img126,558,376,1
img126,127,422,0
img126,564,394,1
img126,144,445,0
img126,567,415,1
img126,176,477,0
img126,574,429,1
img126,222,518,0
img126,469,659,1
img127,198,442,0
img127,270,377,1
img127,202,452,0
img127,282,376,1
img127,205,463,0
img127,298,364,1
img127,218,473,0
img127,349,262,1
img127,225,484,0
img127,357,265,1
img127,229,493,0
img127,372,256,1
img127,236,503,0
img127,381,261,1
img127,244,513,0
img127,393,265,1
img127,250,518,0
img127,402,272,1
img127,264,524,0
img127,416,278,1
img127,269,534,0
img127,438,273,1
img127,273,544,0
img127,442,214,1
img127,291,553,0
img127,465,217,1
img127,294,564,0
img127,478,211,1
img127,298,576,0
img127,482,191,1
img127,311,585,0
img127,495,191,1
img127,315,596,0
img127,439,455,1
img127,308,613,0
img127,435,500,1
img127,313,622,0
img127,426,543,1
img127,318,632,0
img127,416,576,1
img128,65,384,0
img128,615,404,1
img128,55,395,0
img128,633,405,1
img128,61,409,0
img128,683,385,1
img128,284,438,0
img128,687,400,1
img128,365,457,0
img128,696,412,1
img128,435,478,0
img128,705,424,1
img128,465,495,0
img128,712,436,1
img128,527,511,0
img128,715,447,1
img128,591,525,0
img128,724,456,1
img128,658,538,0
img128,729,473,1
img129,334,224,0
img129,376,247,1
img129,322,235,0
img129,388,270,1
img129,308,247,0
img129,407,293,1
img129,296,256,0
img129,418,313,1
img129,285,267,0
img129,424,333,1
img129,273,278,0
img129,573,571,1
img129,261,289,0
img129,558,575,1
img129,248,302,0
img129,544,578,1
img129,236,313,0
img129,528,580,1
img129,224,323,0
img129,513,580,1
img129,216,333,0
img129,497,580,1
img129,202,343,0
img129,475,574,1
img130,251,262,0
img130,345,255,1
img130,233,273,0
img130,405,264,1
img130,220,284,0
img130,518,313,1
img130,195,296,0
img130,524,333,1
img130,168,309,0
img130,525,349,1
img130,135,322,0
img130,525,365,1
img130,151,333,0
img130,529,383,1
img130,177,342,0
img130,532,400,1
img130,202,351,0
img130,533,416,1
img130,232,360,0
img130,536,435,1
img130,255,370,0
img130,540,452,1
img130,275,380,0
img130,539,466,1
img130,309,388,0
img130,542,485,1
img130,328,398,0
img130,545,504,1
img130,352,408,0
img130,545,519,1
img130,427,416,0
img130,549,537,1
img130,425,431,0
img130,548,552,1
img130,433,453,0
img130,548,566,1
img130,444,478,0
img130,543,576,1
img131,224,408,0
img131,615,376,1
img131,207,438,0
img131,607,385,1
img131,191,465,0
img131,600,394,1
img131,185,482,0
img131,596,405,1
img131,178,502,0
img131,589,408,1
img131,165,527,0
img131,584,415,1
img131,169,535,0
img131,580,424,1
img131,171,546,0
img131,569,431,1
img131,173,555,0
img131,562,436,1
img132,163,213,0
img132,307,307,1
img132,158,225,0
img132,356,351,1
img132,155,237,0
img132,396,380,1
img132,147,249,0
img132,433,403,1
img132,140,260,0
img132,453,411,1
img132,134,271,0
img132,478,418,1
img132,128,282,0
img132,527,419,1
img132,124,293,0
img132,740,385,1
img132,116,305,0
img132,745,397,1
img132,111,316,0
img132,742,411,1
img132,105,327,0
img132,734,427,1
img132,100,339,0
img132,724,442,1
img132,95,350,0
img132,716,456,1
img132,91,363,0
img132,713,469,1
img132,84,375,0
img132,704,484,1
img132,78,385,0
img132,696,498,1
img132,73,398,0
img132,678,516,1
img132,65,412,0
img132,672,534,1
img132,59,425,0
img132,667,549,1
img133,423,411,0
img133,436,431,1
img133,429,396,0
img133,455,431,1
img133,431,373,0
img133,487,451,1
img133,438,355,0
img133,471,636,1
img133,439,328,0
img133,494,604,1
img133,445,309,0
img133,518,560,1
img133,451,287,0
img133,544,513,1
img133,455,265,0
img133,564,489,1
img133,458,245,0
img133,578,412,1
img133,462,222,0
img133,569,373,1
img133,467,203,0
img133,553,324,1
img133,471,180,0
img133,538,272,1
img133,475,158,0
img133,529,235,1
img133,478,136,0
img133,516,188,1
img134,125,169,0
img134,138,275,1
img134,144,177,0
img134,162,313,1
img134,160,180,0
img134,202,378,1
img134,176,189,0
img134,434,658,1
img134,195,193,0
img134,445,645,1
img134,213,200,0
img134,460,638,1
img134,231,204,0
img134,473,629,1
img134,256,215,0
img134,487,620,1
img134,284,224,0
img134,498,609,1
img134,302,229,0
img134,512,598,1
img134,320,235,0
img134,525,589,1
img134,344,245,0
img134,482,531,1
img134,369,251,0
img134,491,522,1
img134,387,258,0
img134,549,567,1
img134,405,264,0
img134,564,559,1
img134,425,272,0
img134,578,549,1
img134,442,275,0
img134,593,542,1
img134,460,285,0
img134,602,529,1
img134,480,291,0
img134,613,518,1
img135,113,665,0
img135,567,69,1
img135,127,676,0
img135,585,75,1
img135,146,685,0
img135,607,71,1
img135,162,695,0
img135,626,77,1
img135,179,709,0
img135,647,80,1
img135,195,727,0
img135,669,88,1
img135,432,500,0
img135,687,95,1
img135,454,512,0
img135,547,403,1
img136,132,583,0
img136,225,589,1
img136,133,573,0
img136,244,581,1
img136,136,565,0
img136,252,571,1
img136,144,554,0
img136,300,551,1
img136,147,542,0
img136,321,532,1
img136,150,535,0
img136,319,524,1
img136,155,527,0
img136,405,485,1
img136,160,516,0
img136,425,466,1
img136,164,505,0
img136,480,440,1
img136,166,496,0
img136,478,433,1
img136,177,485,0
img136,522,412,1
img136,178,473,0
img136,647,376,1
img136,183,463,0
img136,649,366,1
img136,191,451,0
img136,713,327,1
img136,193,438,0
img136,711,315,1
img136,199,427,0
img136,700,305,1
img136,202,416,0
img136,693,297,1
img136,213,404,0
img136,684,291,1
img136,213,393,0
img136,673,284,1
img136,219,385,0
img136,662,279,1
img136,225,373,0
img136,653,271,1
img136,230,361,0
img136,644,262,1
img136,231,353,0
img136,637,256,1
img136,238,345,0
img136,632,249,1
img136,243,335,0
img136,351,296,1
img136,246,327,0
img136,312,304,1
img136,253,318,0
img136,283,309,1
img136,256,309,0
img136,276,305,1
img137,63,407,0
img137,529,211,1
img137,70,420,0
img137,538,221,1
img137,75,432,0
img137,548,231,1
img137,85,442,0
img137,558,240,1
img137,93,453,0
img137,566,252,1
img137,113,463,0
img137,575,264,1
img137,116,475,0
img137,585,273,1
img138,443,76,0
img138,200,664,1
img138,455,76,0
img138,209,667,1
img138,465,79,0
img138,218,673,1
img138,478,80,0
img138,227,682,1
img138,491,82,0
img138,236,691,1
img138,504,84,0
img138,247,696,1
img138,516,87,0
img138,256,707,1
img138,529,89,0
img138,265,713,1
img138,539,93,0
img138,462,176,1
img138,553,93,0
img138,502,147,1
img139,103,238,0
img139,159,331,1
img139,113,232,0
img139,196,445,1
img139,122,224,0
img139,205,466,1
img139,215,364,0
img139,211,480,1
img139,222,360,0
img139,219,490,1
img139,140,209,0
img139,227,504,1
img139,151,202,0
img139,234,515,1
img139,160,195,0
img139,243,526,1
img139,169,187,0
img139,251,542,1
img139,180,180,0
img139,260,554,1
img139,190,175,0
img139,268,565,1
img139,200,168,0
img139,276,578,1
img139,210,162,0
img139,283,590,1
img139,219,156,0
img139,291,602,1
img139,229,149,0
img139,299,611,1
img139,242,144,0
img139,305,622,1
img139,385,377,0
img139,313,633,1
img139,396,373,0
img139,318,648,1
img139,266,136,0
img139,325,657,1
img139,278,133,0
img139,335,665,1
img139,291,129,0
img139,341,678,1
img139,301,124,0
img139,351,684,1
img139,311,116,0
img139,355,698,1
img139,323,114,0
img139,362,707,1
img139,333,108,0
img139,368,720,1
img139,344,103,0
img139,391,711,1
img139,355,96,0
img139,505,342,1
img139,365,91,0
img139,500,313,1
img140,160,199,0
img140,135,298,1
img140,187,175,0
img140,155,387,1
img140,209,164,0
img140,421,672,1
img140,244,148,0
img140,438,656,1
img140,290,135,0
img140,449,642,1
img140,318,135,0
img140,464,627,1
img140,351,133,0
img140,455,612,1
img141,348,167,0
img141,358,215,1
img141,356,153,0
img141,367,215,1
img141,363,133,0
img141,376,214,1
img141,371,123,0
img141,385,216,1
img141,378,111,0
img141,395,212,1
img141,387,105,0
img141,403,208,1
img141,396,95,0
img141,414,207,1
img141,407,85,0
img141,426,208,1
img141,415,73,0
img141,329,669,1
img141,422,65,0
img141,334,678,1
img141,431,59,0
img141,338,687,1
img141,471,270,0
img141,345,695,1
img141,446,577,0
img141,351,702,1
img141,424,625,0
img141,355,715,1
img141,398,675,0
img141,360,722,1
img141,374,718,0
img141,364,732,1
img142,136,296,0
img142,119,355,1
img142,155,295,0
img142,121,400,1
img142,171,292,0
img142,98,513,1
img142,185,289,0
img142,98,558,1
img142,202,287,0
img142,113,561,1
img142,220,284,0
img142,127,565,1
img142,238,284,0
img142,142,569,1
img142,255,283,0
img142,158,571,1
img142,275,276,0
img142,171,575,1
img142,291,276,0
img142,184,580,1
img142,305,276,0
img142,197,585,1
img142,321,272,0
img142,213,587,1
img142,335,270,0
img142,225,591,1
img142,350,269,0
img142,244,589,1
img142,367,265,0
img142,262,585,1
img142,385,262,0
img142,275,589,1
img142,400,262,0
img142,287,593,1
img142,415,258,0
img142,300,596,1
img142,429,260,0
img142,315,601,1
img142,444,250,0
img142,329,605,1
img142,456,245,0
img142,349,591,1
img142,469,241,0
img142,363,595,1
img142,482,237,0
img142,385,581,1
img142,495,230,0
img142,404,576,1
img142,509,225,0
img142,417,582,1
img142,522,220,0
img142,416,615,1
img142,535,209,0
img142,426,625,1
img142,546,197,0
img142,451,606,1
img142,559,185,0
img142,464,611,1
img142,572,180,0
img142,465,641,1
img143,75,231,0
img143,173,440,1
img143,89,222,0
img143,193,447,1
img143,100,216,0
img143,215,456,1
img143,116,215,0
img143,235,462,1
img143,128,209,0
img143,388,682,1
img143,142,205,0
img143,399,673,1
img143,157,204,0
img143,409,665,1
img143,171,198,0
img143,420,656,1
img143,185,195,0
img143,429,647,1
img143,198,195,0
img143,439,637,1
img143,215,195,0
img143,449,629,1
img143,222,192,0
img143,455,625,1
img143,230,194,0
img143,460,620,1
img143,243,189,0
img143,469,612,1
img143,255,184,0
img143,480,604,1
img143,269,182,0
img143,491,595,1
img143,278,179,0
img143,500,585,1
img143,293,178,0
img143,513,579,1
img143,309,177,0
img143,524,569,1
img143,324,175,0
img143,535,562,1
img143,335,169,0
img143,545,553,1
img143,351,165,0
img143,555,544,1
img143,365,158,0
img143,565,534,1
img143,378,153,0
img143,577,525,1
img143,396,155,0
img143,587,518,1
img143,412,151,0
img143,600,507,1
img143,424,147,0
img143,611,500,1
img143,435,145,0
img143,621,493,1
img143,447,144,0
img143,632,483,1
img143,458,140,0
img143,644,475,1
img143,474,139,0
img143,653,465,1
img143,487,135,0
img143,661,453,1
img143,504,133,0
img143,673,447,1
img143,519,131,0
img143,685,439,1
img143,535,129,0
img143,696,431,1
img143,549,124,0
img143,581,197,1
img143,565,119,0
img143,577,151,1
img144,605,609,0
img144,669,624,1
img144,555,580,0
img144,679,608,1
img144,502,549,0
img144,683,593,1
img144,441,513,0
img144,689,575,1
img144,340,451,0
img144,694,558,1
img144,187,253,0
img144,698,542,1
img144,215,263,0
img144,698,525,1
img144,245,278,0
img144,695,508,1
img144,273,287,0
img144,698,493,1
img144,350,367,0
img144,694,472,1
img144,369,358,0
img144,676,449,1
img145,159,302,0
img145,205,452,1
img145,229,144,0
img145,250,455,1
img145,262,155,0
img145,395,691,1
img145,285,153,0
img145,424,675,1
img145,297,158,0
img145,436,670,1
img145,320,375,0
img145,447,660,1
img145,336,378,0
img145,460,656,1
img145,349,373,0
img145,473,645,1
img145,363,367,0
img145,485,638,1
img145,376,361,0
img145,498,633,1
img145,391,358,0
img145,511,625,1
img145,403,353,0
img145,522,615,1
img145,414,345,0
img145,533,605,1
img145,427,338,0
img145,546,598,1
img145,442,335,0
img145,557,586,1
img145,455,328,0
img145,569,581,1
img145,467,322,0
img145,581,573,1
img145,208,88,0
img145,595,568,1
img145,217,76,0
img145,606,562,1
img145,225,67,0
img145,504,304,1
img146,109,471,0
img146,335,671,1
img146,115,459,0
img146,369,691,1
img146,121,446,0
img146,389,693,1
img146,129,433,0
img146,405,691,1
img146,136,422,0
img146,422,689,1
img146,144,411,0
img146,435,682,1
img146,152,400,0
img146,448,675,1
img146,158,390,0
img146,460,665,1
img146,162,375,0
img146,471,655,1
img146,165,358,0
img146,482,646,1
img146,172,345,0
img146,493,636,1
img146,178,333,0
img146,507,629,1
img146,185,319,0
img146,521,624,1
img146,191,305,0
img146,531,615,1
img146,197,293,0
img146,542,606,1
img146,205,278,0
img146,551,600,1
img146,214,264,0
img146,558,589,1
img146,220,249,0
img146,571,582,1
img146,225,235,0
img146,585,575,1
img146,231,221,0
img146,596,567,1
img146,238,208,0
img146,610,560,1
img146,244,196,0
img146,621,550,1
img146,247,183,0
img146,633,540,1
img146,253,167,0
img146,647,527,1
img146,260,151,0
img146,662,516,1
img146,267,133,0
img146,676,506,1
img147,69,638,0
img147,122,649,1
img147,65,622,0
img147,136,636,1
img147,65,607,0
img147,162,629,1
img147,64,593,0
img147,185,620,1
img147,60,576,0
img147,215,611,1
img147,62,562,0
img147,244,603,1
img147,66,549,0
img147,270,594,1
img147,71,535,0
img147,308,581,1
img147,75,522,0
img147,724,465,1
img147,82,509,0
img147,723,452,1
img147,85,496,0
img147,727,435,1
img147,90,484,0
img147,724,422,1
img147,95,471,0
img147,725,407,1
img147,100,457,0
img147,720,394,1
img147,104,444,0
img147,717,380,1
img147,107,429,0
img147,715,366,1
img147,111,416,0
img147,713,353,1
img147,111,400,0
img147,711,338,1
img147,115,387,0
img147,707,325,1
img147,125,376,0
img147,706,311,1
img147,138,365,0
img147,709,295,1
img147,155,355,0
img147,705,284,1
img147,167,345,0
img147,707,270,1
img147,184,335,0
img147,705,256,1
img147,194,325,0
img147,705,242,1
img147,211,318,0
img147,696,231,1
img148,462,324,0
img148,621,402,1
img148,375,275,0
img148,629,416,1
img148,362,280,0
img148,629,428,1
img148,345,284,0
img148,642,445,1
img148,330,288,0
img148,643,458,1
img148,324,300,0
img148,682,482,1
img148,317,310,0
img148,729,507,1
img148,164,190,0
img148,729,520,1
img148,156,198,0
img148,725,531,1
img148,151,209,0
img148,720,543,1
img148,145,220,0
img148,711,553,1
img148,140,229,0
img148,693,561,1
img148,137,242,0
img148,675,569,1
img148,131,253,0
img148,662,580,1
img148,128,265,0
img148,629,589,1
img148,123,276,0
img148,580,595,1
img148,118,287,0
img148,553,603,1
img148,114,298,0
img148,515,599,1
img148,109,309,0
img148,462,584,1
img148,105,320,0
img148,420,570,1
img148,102,335,0
img148,385,560,1
img148,96,345,0
img148,365,560,1
img149,458,142,0
img149,594,226,1
img149,446,155,0
img149,662,285,1
img149,435,165,0
img149,664,304,1
img149,424,178,0
img149,738,354,1
img149,406,192,0
img149,730,370,1
img149,402,218,0
img149,730,393,1
img149,385,240,0
img149,729,424,1
img149,365,258,0
img149,722,455,1
img149,355,275,0
img149,715,475,1
img149,342,289,0
img149,711,493,1
img149,331,307,0
img149,707,515,1
img149,316,325,0
img149,701,536,1
img149,299,342,0
img149,694,557,1
img149,282,362,0
img149,693,584,1
img149,264,385,0
img149,685,610,1
img149,247,405,0
img149,677,636,1
img149,240,433,0
img149,671,662,1
img149,227,455,0
img149,670,689,1
img149,215,480,0
img149,662,716,1
